{"cameraMode":{"drawMode":0,"name":"Shaded","section":"Shading Mode"},"sceneLighting":false,"audioPlay":false,"sceneViewState":{"m_AlwaysRefresh":false,"showFog":true,"showSkybox":false,"showFlares":true,"showImageEffects":true,"showParticleSystems":true,"showVisualEffectGraphs":true,"m_FxEnabled":true},"in2DMode":false,"pivot":{"x":-0.7728862762451172,"y":6.691467761993408,"z":0.27144575119018557},"rotation":{"x":0.1965642273426056,"y":-0.16480381786823274,"z":0.033453427255153659,"w":0.966052770614624},"size":13.446187973022461,"orthographic":false}