{"cameraMode":{"drawMode":0,"name":"Shaded","section":"Shading Mode"},"sceneLighting":true,"audioPlay":false,"sceneViewState":{"m_AlwaysRefresh":false,"showFog":true,"showSkybox":true,"showFlares":true,"showImageEffects":true,"showParticleSystems":true,"showVisualEffectGraphs":true,"m_FxEnabled":true},"in2DMode":false,"pivot":{"x":271.16351318359377,"y":-4.183696746826172,"z":265.9330749511719},"rotation":{"x":0.022045006975531579,"y":-0.9754279851913452,"z":0.18780271708965302,"w":0.11395870894193649},"size":27.60999870300293,"orthographic":false}