{"cameraMode":{"drawMode":0,"name":"Shaded","section":"Shading Mode"},"sceneLighting":false,"audioPlay":false,"sceneViewState":{"m_AlwaysRefresh":false,"showFog":false,"showSkybox":false,"showFlares":false,"showImageEffects":false,"showParticleSystems":false,"showVisualEffectGraphs":true,"m_FxEnabled":true},"in2DMode":false,"pivot":{"x":0.4830513000488281,"y":0.622833788394928,"z":-0.43905091285705569},"rotation":{"x":-0.022903000935912133,"y":-0.9765201210975647,"z":0.13536466658115388,"w":-0.16625598073005677},"size":1.3717772960662842,"orthographic":false}